region1,region2,exp_cap,log_exp_cap,perc_urban,perc_formal,perc_smp,perc_sma
Indonesia Barat,Jawa,646385.88,13.379152,.19304727,.18324807,.23193261,.12237903
Indonesia Barat,Jawa,706967.25,13.46874,.29687285,.23346205,.34509638,.20937428
Indonesia Barat,Jawa,715120.56,13.480206,.40131423,.37616822,.2815704,.15462179
Indonesia Barat,Jawa,729812.81,13.500544,.30049232,.46195075,.27177319,.1317507
Indonesia Barat,Jawa,739466.88,13.513685,.30121624,.33641925,.35908541,.16908887
Indonesia Barat,Jawa,746274.13,13.522848,.38338959,.26361153,.29555702,.17817143
Indonesia Barat,Jawa,746917.31,13.523709,.21226728,.32248172,.32602894,.1218391
Indonesia Barat,Jawa,751019.69,13.529187,.29304904,.32118046,.28685531,.12907736
Indonesia Barat,Jawa,751677.75,13.530063,.34039709,.32002419,.27029288,.14412893
Indonesia Barat,Jawa,760645.06,13.541923,.33551297,.37118316,.42657378,.23036987
Indonesia Barat,Jawa,781577.94,13.56907,.31810054,.36215767,.3749325,.18728325
Indonesia Barat,Jawa,785453,13.574016,.24538553,.30984664,.38395527,.20169552
Indonesia Barat,Jawa,794645.56,13.585651,.25413102,.33767587,.36817461,.19091554
Indonesia Barat,Jawa,795832,13.587143,.21009479,.24971183,.36041576,.16231547
Indonesia Barat,Jawa,799626.63,13.5919,.5000478,.45224947,.33172923,.17303173
Indonesia Barat,Jawa,814338,13.610131,.51779795,.45308089,.44834799,.24828547
Indonesia Barat,Jawa,815801.63,13.611926,.45937636,.36474228,.28018525,.12436716
Indonesia Barat,Jawa,822150.44,13.619678,.45880082,.44995525,.32585213,.15375036
Indonesia Barat,Jawa,823510.19,13.621331,.35022014,.30704048,.35812259,.16275875
Indonesia Barat,Jawa,823899.31,13.621803,.15261701,.27211073,.39035857,.20218162
Indonesia Barat,Jawa,832917.94,13.63269,.36291635,.49839354,.34252247,.15423484
Indonesia Barat,Jawa,834655.06,13.634774,.48626858,.30836925,.28572193,.13088684
Indonesia Barat,Jawa,836214,13.63664,.37032762,.33736539,.29112461,.14089508
Indonesia Barat,Jawa,838488.56,13.639357,.55206436,.3886719,.33281577,.16368334
Indonesia Barat,Jawa,843062.06,13.644795,.65539747,.54463905,.4041976,.19119118
Indonesia Barat,Jawa,844763.13,13.646811,.44235986,.32359973,.36729181,.16603744
Indonesia Barat,Jawa,846289.69,13.648617,.50669491,.39242053,.31258199,.17619251
Indonesia Barat,Jawa,847561.38,13.650119,.25167415,.34510717,.38550931,.2107475
Indonesia Barat,Jawa,847840.25,13.650448,.33979526,.25616136,.4104349,.2310137
Indonesia Barat,Jawa,858977.19,13.663498,.8861829,.42948237,.35538167,.18967509
Indonesia Barat,Jawa,868083,13.674043,.65846342,.53122813,.35293609,.18084992
Indonesia Barat,Jawa,871385.94,13.67784,.39125445,.38900626,.35762054,.17494461
Indonesia Barat,Jawa,874246.44,13.681118,.28804633,.31232172,.29404461,.1219993
Indonesia Barat,Jawa,877521.63,13.684856,.57231194,.50055736,.32722822,.15248838
Indonesia Barat,Jawa,879102.56,13.686657,.37447003,.40927389,.42768261,.23745258
Indonesia Barat,Jawa,883353.94,13.691482,.56006974,.50067335,.30532166,.13671342
Indonesia Barat,Jawa,887834.75,13.696541,.33136725,.40828633,.41318157,.2340652
Indonesia Barat,Jawa,891858.25,13.701062,.35451365,.3564046,.45222387,.28317288
Indonesia Barat,Jawa,892062.38,13.701291,.38052702,.39185733,.41432706,.23341297
Indonesia Barat,Jawa,892553.31,13.701841,.28438976,.32815564,.27951971,.13463773
Indonesia Barat,Jawa,896574.25,13.706336,.5214892,.37682652,.41165328,.20340344
Indonesia Barat,Jawa,904901.31,13.715581,.27804643,.39760584,.4643423,.29974002
Indonesia Barat,Jawa,905796.63,13.71657,.28552717,.30158889,.35267791,.18378012
Indonesia Barat,Jawa,906635.31,13.717496,.30232045,.35511681,.36201078,.19351584
Indonesia Barat,Jawa,916317.19,13.728118,.14559059,.34086695,.23615953,.096755072
Indonesia Barat,Jawa,933193.06,13.746367,.75328743,.53328818,.47103944,.30071539
Indonesia Barat,Jawa,943614.25,13.757473,.42374355,.36458832,.42568377,.2380182
Indonesia Barat,Jawa,944039.44,13.757923,.27123985,.35958427,.45295468,.26349562
Indonesia Barat,Jawa,953016.69,13.767387,.38844645,.4187862,.39773297,.20356569
Indonesia Barat,Jawa,953546.38,13.767943,.33671579,.40135872,.37632039,.17084585
Indonesia Barat,Jawa,963592.31,13.778423,.6893127,.47942343,.48199508,.27673692
Indonesia Barat,Jawa,964048.81,13.778897,.50125039,.52353746,.38361877,.20608881
Indonesia Barat,Jawa,970000.06,13.785051,.4505935,.3166143,.40033716,.22062527
Indonesia Barat,Jawa,971405.06,13.786499,.59437096,.50613207,.36561903,.18662193
Indonesia Barat,Jawa,971995.75,13.787107,.54080993,.45510256,.39822155,.22607891
Indonesia Barat,Jawa,974623.69,13.789806,.85956568,.68061882,.488253,.29192954
Indonesia Barat,Jawa,976593.19,13.791825,.82217449,.53980213,.43577632,.25038368
Indonesia Barat,Jawa,977930.19,13.793194,.53816307,.43030554,.33641112,.16290346
Indonesia Barat,Jawa,983841.38,13.79922,.53698027,.43113247,.31362599,.13218753
Indonesia Barat,Jawa,987853.06,13.803289,.54059911,.47953531,.36257181,.18604924
Indonesia Barat,Jawa,997248.69,13.812756,.57350194,.39783096,.32647923,.16471446
Indonesia Barat,Jawa,1000414.9,13.815926,.99704021,.65745634,.46773875,.25145173
Indonesia Barat,Jawa,1000949.1,13.816459,.56546837,.59385896,.47211596,.28299928
Indonesia Barat,Jawa,1001389.7,13.816899,.41186559,.37053385,.3412756,.16516811
Indonesia Barat,Jawa,1014902.7,13.830303,.22636287,.26441553,.29509875,.14521481
Indonesia Barat,Jawa,1015276.4,13.830671,.451718,.50201309,.45326421,.25463885
Indonesia Barat,Jawa,1015303.4,13.830698,.73967791,.5609467,.39803854,.23221071
Indonesia Barat,Jawa,1031741.7,13.846759,.5345431,.50839663,.41162798,.20395041
Indonesia Barat,Jawa,1032843.3,13.847826,.57508028,.40140855,.38189501,.1998616
Indonesia Barat,Jawa,1033771.4,13.848724,.42904902,.52317536,.40987435,.19681253
Indonesia Barat,Jawa,1036105.5,13.85098,.53423339,.25880644,.31119126,.1550359
Indonesia Barat,Jawa,1051389.9,13.865623,.32694781,.60624355,.36430308,.175469
Indonesia Barat,Jawa,1065185.5,13.878659,.43383002,.42121777,.34844247,.17389356
Indonesia Barat,Jawa,1067367.6,13.880706,.41196549,.31431213,.35469848,.17877704
Indonesia Barat,Jawa,1098748.1,13.909682,.95908773,.62079495,.45457861,.25873393
Indonesia Barat,Jawa,1106832.9,13.917013,1,.58672482,.48276144,.34495103
Indonesia Barat,Jawa,1122234.5,13.930832,1,.48528668,.37797838,.23155229
Indonesia Barat,Jawa,1126660.6,13.934769,1,.57945877,.51285326,.32659537
Indonesia Barat,Jawa,1139702.4,13.946278,.85358799,.62054747,.53405815,.35513392
Indonesia Barat,Jawa,1151054.5,13.956189,.5469119,.54222441,.49549156,.28420758
Indonesia Barat,Jawa,1212982.4,14.008593,.99274719,.61410719,.45186242,.28659272
Indonesia Barat,Jawa,1216393.6,14.011401,.908319,.61159438,.41378978,.24093626
Indonesia Barat,Jawa,1217313.8,14.012157,1,.57932258,.43964633,.26503718
Indonesia Barat,Jawa,1224815.1,14.0183,.71422845,.48929808,.41408584,.25491196
Indonesia Barat,Jawa,1228739.6,14.0215,.65607733,.53801763,.38040602,.20049752
Indonesia Barat,Jawa,1250018.9,14.03867,.96249646,.54875541,.50116563,.33642605
Indonesia Barat,Jawa,1253772.4,14.041668,.97051167,.61896038,.44467276,.2873686
Indonesia Barat,Jawa,1262102.6,14.048289,.90991026,.53801876,.55889124,.40218621
Indonesia Barat,Jawa,1263950.5,14.049752,.66215342,.56643611,.53943098,.34010923
Indonesia Barat,Jawa,1268639.4,14.053455,.99999994,.55057555,.56808323,.39130664
Indonesia Barat,Jawa,1308790,14.084614,1,.62052566,.60876763,.42746425
Indonesia Barat,Jawa,1342302.1,14.109897,.78334469,.61529326,.39849457,.23706095
Indonesia Barat,Jawa,1359892.6,14.122916,.85596073,.66566539,.41880992,.22388977
Indonesia Barat,Jawa,1373329.5,14.132749,1,.56716257,.5891825,.41119942
Indonesia Barat,Jawa,1443210.9,14.182381,1,.56786376,.64140999,.49070358
Indonesia Barat,Jawa,1495050.1,14.21767,1,.59432554,.51976097,.38492376
Indonesia Barat,Jawa,1514800.4,14.230794,.96951014,.71222991,.51682502,.32972825
Indonesia Barat,Jawa,1519650.8,14.233991,.91955155,.66522795,.4575586,.2760331
Indonesia Barat,Jawa,1557065.3,14.258313,1,.59054697,.51191509,.34696826
Indonesia Barat,Jawa,1575325.6,14.269973,.98814398,.65293735,.53040677,.3733981
Indonesia Barat,Jawa,1583571,14.275193,1,.61679339,.61381292,.45048127
Indonesia Barat,Jawa,1607032.4,14.2899,1,.63733071,.59809178,.43909696
Indonesia Barat,Jawa,1608906,14.291065,1,.64331692,.56457835,.40144685
Indonesia Barat,Jawa,1648489,14.31537,.99704432,.72554898,.59296042,.42037442
Indonesia Barat,Jawa,1728443.8,14.362732,.99507892,.57257658,.59894955,.47170842
Indonesia Barat,Jawa,1745570,14.372592,1,.59019566,.6483804,.5092907
Indonesia Barat,Jawa,1747986,14.373975,1,.67628306,.5466997,.39437884
Indonesia Barat,Jawa,1755952.3,14.378522,1,.69031107,.58553547,.39725998
Indonesia Barat,Jawa,1958914.6,14.487901,1,.67850405,.63238066,.49947244
Indonesia Barat,Jawa,1974339.1,14.495745,1,.6761378,.61353785,.44503075
Indonesia Barat,Jawa,1993542.1,14.505424,1,.74112982,.62927991,.50716251
Indonesia Barat,Jawa,1995226.8,14.506269,1,.65947908,.61000001,.42059392
Indonesia Barat,Jawa,2009108.9,14.513202,1,.62997854,.64482009,.47882688
Indonesia Barat,Jawa,2015134.9,14.516196,1,.74389505,.61251491,.4660427
Indonesia Barat,Jawa,2027599.1,14.522363,1,.69455773,.5380798,.38673836
Indonesia Barat,Jawa,2027984.1,14.522552,1,.71295398,.59891653,.44370824
Indonesia Barat,Jawa,2144621.8,14.578474,1,.65199012,.6052919,.42916122
Indonesia Barat,Jawa,2147104.3,14.579631,.99999994,.74565125,.61251956,.45116377
Indonesia Barat,Jawa,2630001.8,14.782495,.99538004,.71144676,.63906306,.50285971
Indonesia Barat,Kalimantan,842271.44,13.643858,.13656062,.30389652,.3105734,.16460437
Indonesia Barat,Kalimantan,890702.88,13.699766,.28191474,.48767012,.34878862,.19097027
Indonesia Barat,Kalimantan,890704.63,13.699768,.19222768,.27261594,.30448049,.17109391
Indonesia Barat,Kalimantan,941895.75,13.75565,.25881606,.35609037,.32106408,.16048399
Indonesia Barat,Kalimantan,944672.25,13.758594,.26952291,.34753746,.36230797,.18712673
Indonesia Barat,Kalimantan,950708.19,13.764962,.27370867,.36929655,.35894457,.19320403
Indonesia Barat,Kalimantan,954146.44,13.768573,.13849004,.2888639,.32938838,.17854644
Indonesia Barat,Kalimantan,955150.88,13.769625,.23502934,.3121466,.30072856,.14559537
Indonesia Barat,Kalimantan,961871.44,13.776636,.24534157,.28938091,.41455579,.24661952
Indonesia Barat,Kalimantan,963156.19,13.777971,.35571542,.51196235,.36217043,.21224259
Indonesia Barat,Kalimantan,964292.56,13.77915,.30407164,.32903236,.33381689,.20372637
Indonesia Barat,Kalimantan,964948.44,13.77983,.12868702,.26404542,.29871517,.15872915
Indonesia Barat,Kalimantan,973222.25,13.788368,.33363876,.4251686,.33156779,.18427874
Indonesia Barat,Kalimantan,989938.5,13.805398,.15720221,.24420214,.33551708,.21257995
Indonesia Barat,Kalimantan,1001418.3,13.816928,.20416363,.26972541,.3170436,.16654411
Indonesia Barat,Kalimantan,1026137,13.841311,.1392125,.34572202,.34337196,.19742216
Indonesia Barat,Kalimantan,1040727,13.85543,.30403861,.37331367,.42358068,.25189826
Indonesia Barat,Kalimantan,1045692.1,13.860189,.29445425,.40406093,.36873782,.19387521
Indonesia Barat,Kalimantan,1074937.9,13.887774,.15512481,.45923057,.26868507,.15282007
Indonesia Barat,Kalimantan,1104000.1,13.914451,.20883347,.36558643,.31183377,.17381413
Indonesia Barat,Kalimantan,1119734.6,13.928602,.28593534,.47295713,.31810862,.18032101
Indonesia Barat,Kalimantan,1126874.8,13.934958,.34168577,.43585688,.43369529,.25585011
Indonesia Barat,Kalimantan,1136052.5,13.94307,.31434169,.3787182,.46467113,.28193676
Indonesia Barat,Kalimantan,1183952.3,13.984368,.3013109,.40684333,.395861,.1942921
Indonesia Barat,Kalimantan,1184033,13.984437,.41328022,.60805506,.3958523,.21463202
Indonesia Barat,Kalimantan,1186434.6,13.986464,.36320001,.39627069,.3444103,.20576206
Indonesia Barat,Kalimantan,1212943.8,14.008561,.44268426,.49051458,.36330143,.22201106
Indonesia Barat,Kalimantan,1218125.3,14.012823,.29398593,.51469308,.32713404,.19871143
Indonesia Barat,Kalimantan,1223910.6,14.017562,.19016573,.44332749,.40130615,.21892248
Indonesia Barat,Kalimantan,1225550,14.0189,.38821313,.55904108,.47487593,.30520111
Indonesia Barat,Kalimantan,1243524,14.03346,.40989846,.56089228,.41284418,.25375798
Indonesia Barat,Kalimantan,1286258.3,14.067248,.19804715,.34372923,.37861145,.2341017
Indonesia Barat,Kalimantan,1287150.4,14.067942,.25404483,.70108414,.35308278,.19488488
Indonesia Barat,Kalimantan,1308149.4,14.084124,.42793605,.49753445,.41129827,.25890383
Indonesia Barat,Kalimantan,1312470.3,14.087421,.31718355,.35250235,.43253705,.26849768
Indonesia Barat,Kalimantan,1353619.8,14.118293,.74175233,.54415232,.40902054,.26300964
Indonesia Barat,Kalimantan,1378129.5,14.136238,.30043674,.43469152,.4059577,.2639122
Indonesia Barat,Kalimantan,1383547.8,14.140162,.26999068,.55742395,.43492717,.21819782
Indonesia Barat,Kalimantan,1475826.6,14.204729,.34836343,.55599129,.37059766,.22245872
Indonesia Barat,Kalimantan,1491858,14.215533,.51149076,.55287302,.44063172,.27212512
Indonesia Barat,Kalimantan,1494615.3,14.21738,.23824331,.43697584,.41701591,.2555449
Indonesia Barat,Kalimantan,1503000.1,14.222974,.23815566,.44364861,.37679717,.25105804
Indonesia Barat,Kalimantan,1508024,14.226311,.50324124,.54826671,.3700017,.22156747
Indonesia Barat,Kalimantan,1545742.1,14.251015,.46243179,.54952824,.43369925,.29727161
Indonesia Barat,Kalimantan,1571012.5,14.267231,.99399579,.58454931,.51905602,.37836531
Indonesia Barat,Kalimantan,1577834.8,14.271564,0,.69155824,.41554838,.28990152
Indonesia Barat,Kalimantan,1609731.6,14.291578,.98377806,.67441463,.52525491,.35133547
Indonesia Barat,Kalimantan,1702316.9,14.347501,1,.69860297,.54772329,.43082008
Indonesia Barat,Kalimantan,1705198.8,14.349193,.99760848,.66379666,.54469138,.39846572
Indonesia Barat,Kalimantan,1725537.6,14.36105,.25291595,.5185371,.37574846,.22676626
Indonesia Barat,Kalimantan,1766891.6,14.384732,.97924775,.62956017,.56274945,.40121353
Indonesia Barat,Kalimantan,1792453.8,14.399096,.46860677,.59233993,.47119704,.30939412
Indonesia Barat,Kalimantan,1861948,14.437134,.98044443,.63598871,.6086418,.45000786
Indonesia Barat,Kalimantan,1874951.6,14.444094,.97325432,.69677073,.53677714,.40688792
Indonesia Barat,Kalimantan,1877211.9,14.445298,.98233026,.69102556,.58858788,.44805345
Indonesia Barat,Kalimantan,1940939,14.478683,.56281191,.62264907,.47699967,.33615094
Indonesia Barat,Sumatera,478052.47,13.077476,0,.12553293,.31553081,.1843227
Indonesia Barat,Sumatera,526347.44,13.173717,0,.16533352,.29037154,.18655638
Indonesia Barat,Sumatera,604496.75,13.312152,0,.17017598,.31195843,.16035406
Indonesia Barat,Sumatera,641325.94,13.371293,.075589947,.11404201,.26535687,.12774378
Indonesia Barat,Sumatera,653127.31,13.389527,.081410639,.15635236,.3364968,.17803779
Indonesia Barat,Sumatera,682047.94,13.432856,.088392891,.16127878,.29721069,.13580555
Indonesia Barat,Sumatera,729395.56,13.499971,.095636971,.13677175,.26902664,.14523947
Indonesia Barat,Sumatera,745117.63,13.521297,.13992417,.35113841,.33190119,.15720993
Indonesia Barat,Sumatera,748334.88,13.525606,.2211203,.38093287,.42460948,.25374615
Indonesia Barat,Sumatera,753475.31,13.532452,0,.11066581,.29451856,.11794157
Indonesia Barat,Sumatera,758315.38,13.538855,.37355116,.46822858,.41469312,.27928308
Indonesia Barat,Sumatera,760110.13,13.541219,.31748587,.36618054,.36616394,.20997934
Indonesia Barat,Sumatera,767767.13,13.551242,.10072288,.15904576,.33955273,.18377802
Indonesia Barat,Sumatera,781236.06,13.568633,.21366222,.19617634,.35596809,.16744004
Indonesia Barat,Sumatera,782655.13,13.570447,.16615047,.46744803,.3684237,.16664162
Indonesia Barat,Sumatera,785736.06,13.574376,.20793062,.28003782,.29725829,.1610675
Indonesia Barat,Sumatera,786991.25,13.575973,.25984466,.3128356,.39581281,.19842632
Indonesia Barat,Sumatera,794770.63,13.585809,.26396093,.24860178,.39077872,.22567616
Indonesia Barat,Sumatera,807289.06,13.601437,.16953191,.16202994,.47508258,.30483288
Indonesia Barat,Sumatera,809098.5,13.603676,.12495131,.27177835,.38849398,.18871425
Indonesia Barat,Sumatera,812518.75,13.607894,.19085789,.15465006,.44225773,.25580576
Indonesia Barat,Sumatera,824604.5,13.622659,.18784796,.18097439,.28610185,.17777982
Indonesia Barat,Sumatera,824777.81,13.622869,.12998866,.32549536,.3912642,.21306661
Indonesia Barat,Sumatera,833294.63,13.633142,.23104957,.34366146,.3883526,.25444472
Indonesia Barat,Sumatera,835028.5,13.635221,.099151015,.30093342,.30095196,.13477692
Indonesia Barat,Sumatera,836689.75,13.637209,.39934009,.40356594,.40251502,.21780317
Indonesia Barat,Sumatera,837570.88,13.638261,.20985849,.2596083,.41574028,.22553928
Indonesia Barat,Sumatera,839002.94,13.63997,.19421329,.4052107,.43144417,.28102279
Indonesia Barat,Sumatera,840412.44,13.641648,.10855041,.2199056,.40527877,.23490229
Indonesia Barat,Sumatera,846528.69,13.648899,.27229294,.46698076,.37452349,.22982593
Indonesia Barat,Sumatera,847499.06,13.650045,.091645904,.26341155,.33378413,.15244603
Indonesia Barat,Sumatera,849313.88,13.652184,.047607102,.43622795,.36476648,.19329642
Indonesia Barat,Sumatera,855377.56,13.659298,.13465787,.31206918,.32209447,.18381695
Indonesia Barat,Sumatera,857000,13.661193,.032944012,.28581354,.38180521,.21369167
Indonesia Barat,Sumatera,858338.75,13.662754,.1966977,.48539197,.43145248,.20526965
Indonesia Barat,Sumatera,859692.38,13.66433,.1278726,.23218144,.36592257,.18141156
Indonesia Barat,Sumatera,860722.75,13.665527,.39442116,.53488231,.42833802,.24680422
Indonesia Barat,Sumatera,864666.38,13.670099,.073192112,.34871349,.37264499,.24203366
Indonesia Barat,Sumatera,865056.75,13.67055,.23063962,.34225395,.34889576,.21151273
Indonesia Barat,Sumatera,869475.06,13.675645,0,.06962055,.24834569,.12158632
Indonesia Barat,Sumatera,882694.38,13.690734,.23253238,.40229672,.41943038,.268255
Indonesia Barat,Sumatera,884221.63,13.692463,.047662038,.36014587,.28900003,.14163888
Indonesia Barat,Sumatera,884982.88,13.693323,.15686204,.33476573,.41516054,.19197597
Indonesia Barat,Sumatera,887291.56,13.695929,.65016705,.31864059,.46903858,.3045581
Indonesia Barat,Sumatera,887856.38,13.696566,.17422634,.36422002,.34931409,.17592309
Indonesia Barat,Sumatera,888182.31,13.696932,.10214289,.30873653,.38145331,.19893561
Indonesia Barat,Sumatera,890509.44,13.699549,.25911349,.40145046,.33603287,.19516812
Indonesia Barat,Sumatera,895197.13,13.7048,.37848243,.34271812,.36759958,.17907569
Indonesia Barat,Sumatera,896915.19,13.706717,.076482557,.27713341,.29299954,.079289481
Indonesia Barat,Sumatera,903352.94,13.713868,.41338208,.22570544,.4294337,.24454021
Indonesia Barat,Sumatera,904663.25,13.715318,.21662448,.38212833,.36380139,.20765692
Indonesia Barat,Sumatera,905081.38,13.71578,.38273939,.43648696,.3972986,.23344199
Indonesia Barat,Sumatera,906430.75,13.71727,.2357887,.5217334,.37264368,.24127813
Indonesia Barat,Sumatera,906983.63,13.717879,.12521845,.32528272,.37685701,.20615359
Indonesia Barat,Sumatera,907338.25,13.71827,.27694505,.48966321,.48255521,.29297152
Indonesia Barat,Sumatera,910096.44,13.721306,.40757746,.49953261,.43709931,.2675705
Indonesia Barat,Sumatera,919509.56,13.731596,.23859248,.2268281,.30885923,.1711148
Indonesia Barat,Sumatera,920382.88,13.732545,.048628572,.25349617,.40459558,.25938627
Indonesia Barat,Sumatera,921321.63,13.733564,.1702085,.2648187,.38118953,.20059219
Indonesia Barat,Sumatera,924527.19,13.737038,.50989932,.50060779,.53976065,.40074599
Indonesia Barat,Sumatera,925187.5,13.737752,.1278515,.18175907,.36378425,.22025953
Indonesia Barat,Sumatera,931253.69,13.744287,.34831151,.46561953,.4065088,.27085587
Indonesia Barat,Sumatera,933076.81,13.746243,.14440416,.37257612,.44731048,.28286758
Indonesia Barat,Sumatera,934630.19,13.747907,.13965875,.44301456,.39301232,.19542848
Indonesia Barat,Sumatera,936910.63,13.750343,.31665924,.3897239,.38168728,.19901805
Indonesia Barat,Sumatera,939455.94,13.753057,.12790889,.28805295,.39685047,.23895691
Indonesia Barat,Sumatera,940429.94,13.754092,.10724401,.20953929,.38535851,.20230395
Indonesia Barat,Sumatera,943512.31,13.757364,1,.65529072,.44179389,.28783736
Indonesia Barat,Sumatera,945635,13.759612,.21061531,.31716454,.37742013,.23093973
Indonesia Barat,Sumatera,946011.56,13.76001,0,.28612751,.44636637,.27128172
Indonesia Barat,Sumatera,951349.31,13.765636,.24854533,.33022696,.37398383,.20838955
Indonesia Barat,Sumatera,952295.06,13.76663,.32283804,.30695999,.44033268,.28238022
Indonesia Barat,Sumatera,956046.5,13.770562,.074089542,.56160021,.44053391,.25583202
Indonesia Barat,Sumatera,957214.56,13.771783,.15903756,.1246766,.41295704,.27937764
Indonesia Barat,Sumatera,957483.81,13.772064,.10748973,.22410131,.44629312,.28758249
Indonesia Barat,Sumatera,958658,13.77329,.19944477,.46460566,.3899098,.21148342
Indonesia Barat,Sumatera,965127.63,13.780016,.24021374,.37883711,.42753613,.26489434
Indonesia Barat,Sumatera,965773.25,13.780684,.11879029,.26151794,.41509566,.22451596
Indonesia Barat,Sumatera,971705.19,13.786808,.26741916,.25941405,.41543308,.26967737
Indonesia Barat,Sumatera,972632.63,13.787762,.19310378,.49555269,.40436149,.24030831
Indonesia Barat,Sumatera,974755.13,13.789942,.49916703,.31688982,.45299318,.30612606
Indonesia Barat,Sumatera,976051.13,13.79127,.42992172,.48683414,.43419236,.26314297
Indonesia Barat,Sumatera,981687.88,13.797029,.22603883,.30579188,.36862665,.19936222
Indonesia Barat,Sumatera,982311.69,13.797664,.45746189,.53592038,.43082842,.25511327
Indonesia Barat,Sumatera,988482.81,13.803926,.23504007,.54052055,.40331811,.23121504
Indonesia Barat,Sumatera,996048.5,13.811551,.15376161,.35706705,.3742978,.20485702
Indonesia Barat,Sumatera,996563,13.812068,.38124648,.38069531,.50050002,.32851392
Indonesia Barat,Sumatera,996655.19,13.81216,.19585541,.23976785,.36218438,.19806029
Indonesia Barat,Sumatera,998981.75,13.814492,.16579528,.34330961,.3314932,.1672352
Indonesia Barat,Sumatera,1001717.9,13.817227,.24349625,.14731029,.46814048,.27333823
Indonesia Barat,Sumatera,1002596.6,13.818104,.24515392,.33611301,.36268535,.21267135
Indonesia Barat,Sumatera,1003301.4,13.818807,.19700252,.29594576,.41995671,.25101694
Indonesia Barat,Sumatera,1005787.1,13.82128,.12553218,.41058719,.47427535,.27547237
Indonesia Barat,Sumatera,1006161.4,13.821653,.42836636,.3880395,.44279906,.27735737
Indonesia Barat,Sumatera,1007103.9,13.822589,.78874934,.57071012,.47731376,.35669473
Indonesia Barat,Sumatera,1008001.3,13.82348,.083835632,.40255082,.35527706,.19424438
Indonesia Barat,Sumatera,1018295.4,13.833641,.25948635,.54980057,.40749854,.22934569
Indonesia Barat,Sumatera,1024949.3,13.840154,.46372125,.52074736,.43412647,.23457938
Indonesia Barat,Sumatera,1026346,13.841516,.11750181,.38076815,.38390431,.22979641
Indonesia Barat,Sumatera,1037896.3,13.852707,.32258675,.25015458,.4078086,.26496634
Indonesia Barat,Sumatera,1045408.3,13.859918,.11623052,.40650257,.43104029,.26195878
Indonesia Barat,Sumatera,1047864.1,13.862265,.24599922,.4890267,.45557639,.25432658
Indonesia Barat,Sumatera,1050993.5,13.865247,.34743646,.55067396,.35947868,.21687697
Indonesia Barat,Sumatera,1059739.9,13.873534,.5288679,.48579532,.4731468,.32341874
Indonesia Barat,Sumatera,1067331.3,13.880672,1,.66981113,.48997003,.34736589
Indonesia Barat,Sumatera,1070587.5,13.883718,.32369307,.50275594,.54191762,.38512906
Indonesia Barat,Sumatera,1071430.4,13.884505,.42358726,.28966522,.39365825,.22923933
Indonesia Barat,Sumatera,1071972.9,13.885012,.31064048,.38399473,.37464297,.21240595
Indonesia Barat,Sumatera,1074207.9,13.887094,.8205753,.65324926,.5350467,.36771867
Indonesia Barat,Sumatera,1075383.9,13.888188,0,.31910646,.36810839,.23271129
Indonesia Barat,Sumatera,1083700.8,13.895892,.15086217,.28610495,.33787388,.19837104
Indonesia Barat,Sumatera,1085891.4,13.897912,.99635398,.63430685,.56135094,.41371858
Indonesia Barat,Sumatera,1092687.6,13.904151,.3116602,.25125101,.51072884,.33751178
Indonesia Barat,Sumatera,1093086.9,13.904516,.49553201,.45015317,.41856176,.28104821
Indonesia Barat,Sumatera,1095262,13.906505,1,.58228719,.61985528,.45204949
Indonesia Barat,Sumatera,1102521.3,13.91311,.99999994,.56659251,.5639745,.38330236
Indonesia Barat,Sumatera,1110135.5,13.919992,.83097094,.6055432,.48167333,.34425926
Indonesia Barat,Sumatera,1110176.5,13.92003,.49728578,.51746505,.32540473,.19324067
Indonesia Barat,Sumatera,1110948.4,13.920725,.21134473,.45886222,.40483522,.23554453
Indonesia Barat,Sumatera,1111795.6,13.921487,.56013924,.49511099,.3525613,.22317708
Indonesia Barat,Sumatera,1120607.6,13.929381,.08962474,.44667077,.47940686,.31461138
Indonesia Barat,Sumatera,1130478.1,13.938151,.15064667,.39699998,.44187537,.2723088
Indonesia Barat,Sumatera,1137741.3,13.944555,.30477417,.25527149,.46394265,.2878316
Indonesia Barat,Sumatera,1146996.3,13.952657,.24962883,.45560762,.40176022,.24181187
Indonesia Barat,Sumatera,1152306.8,13.957276,.096992016,.46044749,.36232537,.21522507
Indonesia Barat,Sumatera,1158996.8,13.963065,.24291539,.15352738,.49448857,.3143689
Indonesia Barat,Sumatera,1175529.3,13.977229,.72005081,.64188993,.38248581,.23403479
Indonesia Barat,Sumatera,1176064.5,13.977684,.1486647,.40185243,.39346391,.21921113
Indonesia Barat,Sumatera,1184355.5,13.98471,.81418031,.59919637,.50451124,.36617297
Indonesia Barat,Sumatera,1187456.3,13.987324,0,.2744652,.45935237,.3353903
Indonesia Barat,Sumatera,1196357.9,13.994792,.72060543,.57485807,.48681268,.3369633
Indonesia Barat,Sumatera,1198763.8,13.996801,0,0,,
Indonesia Barat,Sumatera,1200270.8,13.998057,.77430111,.46520242,.54242557,.39045909
Indonesia Barat,Sumatera,1205389.5,14.002314,.28681237,.47482052,.41157109,.27692583
Indonesia Barat,Sumatera,1211346.8,14.007243,0,.47314763,.40816101,.26189387
Indonesia Barat,Sumatera,1237817.1,14.02886,.47075152,.42587999,.40310583,.23124366
Indonesia Barat,Sumatera,1270489.3,14.054913,.21726792,.27124831,.38423932,.25481421
Indonesia Barat,Sumatera,1272958.6,14.056854,.33297303,.4938167,.43232673,.26221815
Indonesia Barat,Sumatera,1273228.6,14.057067,.99895114,.67139852,.55076993,.397751
Indonesia Barat,Sumatera,1288117.9,14.068693,.48394632,.4061313,.51969558,.36601526
Indonesia Barat,Sumatera,1288988.8,14.069368,.90106791,.64618367,.57802689,.43612239
Indonesia Barat,Sumatera,1289813.4,14.070008,.44859323,.57438445,.48467904,.31384027
Indonesia Barat,Sumatera,1302257,14.07961,.28446653,.41026294,.26752785,.15228488
Indonesia Barat,Sumatera,1310825.6,14.086167,.85238045,.62813151,.51420903,.35950187
Indonesia Barat,Sumatera,1315113.1,14.089434,.48002997,.43380889,.34927928,.19960269
Indonesia Barat,Sumatera,1322722,14.095202,.32197815,.22388689,.48452526,.31111732
Indonesia Barat,Sumatera,1332250.4,14.10238,.34214759,.55930394,.4855032,.33009228
Indonesia Barat,Sumatera,1338432.4,14.10701,.70673227,.42070225,.5435831,.41679716
Indonesia Barat,Sumatera,1343330.3,14.110662,.18190864,.45322499,.46007869,.28653508
Indonesia Barat,Sumatera,1358389.3,14.12181,0,.44385272,.40520611,.26432714
Indonesia Barat,Sumatera,1369851.5,14.130213,.22841364,.52016878,.41671982,.2442905
Indonesia Barat,Sumatera,1370834.6,14.13093,.99853832,.58929235,.56651217,.42095199
Indonesia Barat,Sumatera,1370943.8,14.13101,.72705877,.64183438,.36621457,.21739367
Indonesia Barat,Sumatera,1375117,14.134049,.52213961,.46267533,.5089851,.33519715
Indonesia Barat,Sumatera,1389431,14.144404,.99860179,.64167523,.57711476,.41009113
Indonesia Barat,Sumatera,1390148.6,14.144921,.70504218,.62625527,.4917005,.3487817
Indonesia Barat,Sumatera,1405294.9,14.155758,.97903788,.63151705,.51551825,.36261418
Indonesia Barat,Sumatera,1422879.4,14.168193,.27292803,.49596074,.42611349,.27253273
Indonesia Barat,Sumatera,1425106.5,14.169757,.30467919,.51859832,.3539978,.21406317
Indonesia Barat,Sumatera,1431848.1,14.174477,.87818277,.53494221,.52395058,.38489568
Indonesia Barat,Sumatera,1441834.1,14.181427,.54782414,.62213242,.40193838,.25801736
Indonesia Barat,Sumatera,1455105.1,14.190589,.6725961,.66279238,.5684129,.42226848
Indonesia Barat,Sumatera,1455885.6,14.191125,.24786104,.14096795,.32701609,.19211076
Indonesia Barat,Sumatera,1478020.8,14.206214,.30796722,.53963965,.47486395,.32261527
Indonesia Barat,Sumatera,1506527.8,14.225318,.5053063,.44850972,.28976566,.17855757
Indonesia Barat,Sumatera,1507740,14.226123,.72642863,.40590775,.52587587,.34824148
Indonesia Barat,Sumatera,1531506.6,14.241762,.98740453,.67642385,.60376585,.44075027
Indonesia Barat,Sumatera,1556640,14.25804,.9690752,.56342584,.54532421,.39133328
Indonesia Barat,Sumatera,1559944.3,14.26016,1,.67682588,.63769692,.48447794
Indonesia Barat,Sumatera,1570003.1,14.266588,1,.61622012,.56181091,.4010219
Indonesia Barat,Sumatera,1573407.5,14.268754,.28700912,.51345968,.51438862,.36162049
Indonesia Barat,Sumatera,1579957,14.272908,.97053879,.61486113,.58904737,.44667065
Indonesia Barat,Sumatera,1620178.3,14.298047,.49032107,.41495883,.40263331,.24193873
Indonesia Barat,Sumatera,1632843.6,14.305834,1,.59609872,.56726021,.42218778
Indonesia Barat,Sumatera,1673562.4,14.330465,.96587074,.63975316,.59883511,.46074629
Indonesia Barat,Sumatera,1677212.5,14.332644,.64165884,.58035177,.44064334,.28858906
Indonesia Barat,Sumatera,1678366.6,14.333332,.64769661,.58662516,.39816111,.22759135
Indonesia Barat,Sumatera,1694894.9,14.343131,.98717117,.70936537,.51885647,.36421314
Indonesia Barat,Sumatera,1769740.1,14.386343,.99002534,.63407677,.61172342,.44730121
Indonesia Barat,Sumatera,1844818.5,14.427892,.98333234,.66811496,.52940065,.39753884
Indonesia Barat,Sumatera,1872470.8,14.442769,.9592275,.584584,.60025483,.4402667
Indonesia Barat,Sumatera,1970812.6,14.493957,.99999994,.76100707,.66199023,.53544968
Indonesia Barat,Sumatera,2020847,14.519028,.99352133,.7687341,.57158655,.45548904
Indonesia Timur,Bali & Nusa Tenggara,595880,13.297794,.053507838,.17955823,.29894605,.20172691
Indonesia Timur,Bali & Nusa Tenggara,614899.44,13.329214,.20958567,.28937486,.31079471,.20739596
Indonesia Timur,Bali & Nusa Tenggara,617684.44,13.333733,.22155511,.22965488,.29822996,.17831542
Indonesia Timur,Bali & Nusa Tenggara,643672.88,13.374946,.093366958,.18393765,.31059644,.20621517
Indonesia Timur,Bali & Nusa Tenggara,648552.19,13.382498,.077581972,.21867108,.33040449,.19407849
Indonesia Timur,Bali & Nusa Tenggara,652270.31,13.388214,.23624896,.19495505,.27990323,.18357734
Indonesia Timur,Bali & Nusa Tenggara,654161,13.391109,0,.18373105,.2676802,.16484496
Indonesia Timur,Bali & Nusa Tenggara,658031.94,13.397009,.25197151,.25747713,.32496068,.2070116
Indonesia Timur,Bali & Nusa Tenggara,658363.81,13.397513,.23934093,.28384688,.3387025,.19619188
Indonesia Timur,Bali & Nusa Tenggara,677616.69,13.426337,.22415431,.28203064,.29304245,.17090338
Indonesia Timur,Bali & Nusa Tenggara,678823,13.428116,.084375128,.21581766,.27837074,.17803654
Indonesia Timur,Bali & Nusa Tenggara,687872.81,13.44136,.15007414,.22602099,.29226339,.1711318
Indonesia Timur,Bali & Nusa Tenggara,711628.56,13.475311,.12457967,.16896451,.26900393,.14265753
Indonesia Timur,Bali & Nusa Tenggara,720088.38,13.487129,.37967673,.21793738,.32877761,.19219349
Indonesia Timur,Bali & Nusa Tenggara,741934.19,13.517015,.24159066,.28314865,.31032598,.18153045
Indonesia Timur,Bali & Nusa Tenggara,769336.69,13.553284,.31636828,.37427363,.32340986,.17094238
Indonesia Timur,Bali & Nusa Tenggara,787448.25,13.576553,.28854057,.17762724,.25979912,.14829227
Indonesia Timur,Bali & Nusa Tenggara,787602.06,13.576748,.26827148,.22317539,.30766267,.18722981
Indonesia Timur,Bali & Nusa Tenggara,801831.5,13.594654,.26030099,.27226511,.42552057,.28853846
Indonesia Timur,Bali & Nusa Tenggara,823172.13,13.62092,.56963956,.24054702,.35038587,.18026753
Indonesia Timur,Bali & Nusa Tenggara,843799.25,13.64567,.23562577,.26796648,.30328554,.18979093
Indonesia Timur,Bali & Nusa Tenggara,855042.69,13.658907,.14639747,.22648899,.4054054,.27593127
Indonesia Timur,Bali & Nusa Tenggara,909267.69,13.720395,.16700776,.25221682,.34114352,.21512316
Indonesia Timur,Bali & Nusa Tenggara,914129.38,13.725727,.11620912,.16217254,.22480647,.13344237
Indonesia Timur,Bali & Nusa Tenggara,930017.5,13.742959,.53836077,.45694607,.34242886,.20363955
Indonesia Timur,Bali & Nusa Tenggara,946423.56,13.760446,.56384718,.44672599,.4380337,.2786274
Indonesia Timur,Bali & Nusa Tenggara,977842.06,13.793103,.35588801,.27466425,.3381778,.17513758
Indonesia Timur,Bali & Nusa Tenggara,981098.25,13.796428,.30745375,.31933549,.35562128,.21711825
Indonesia Timur,Bali & Nusa Tenggara,1076232.5,13.888977,.37622645,.28670678,.39556247,.24221741
Indonesia Timur,Bali & Nusa Tenggara,1115170.1,13.924518,.60436392,.4702712,.45295897,.34406325
Indonesia Timur,Bali & Nusa Tenggara,1143102.3,13.949256,.5475806,.48983195,.36576581,.22483203
Indonesia Timur,Bali & Nusa Tenggara,1198185.4,13.996319,.47357699,.46848372,.49216634,.3416191
Indonesia Timur,Bali & Nusa Tenggara,1385703.6,14.141719,.36123776,.45518211,.41069713,.28771824
Indonesia Timur,Bali & Nusa Tenggara,1399040.8,14.151298,.8539173,.46302289,.55974525,.43879184
Indonesia Timur,Bali & Nusa Tenggara,1407028.5,14.156991,.98663682,.67134041,.57418758,.42862809
Indonesia Timur,Bali & Nusa Tenggara,1438465,14.179087,.77621597,.56964231,.46387404,.32971555
Indonesia Timur,Bali & Nusa Tenggara,1571950.9,14.267828,.99999994,.6145671,.50852156,.35512602
Indonesia Timur,Bali & Nusa Tenggara,1839554.6,14.425035,.90757394,.6794461,.59848434,.44823524
Indonesia Timur,Bali & Nusa Tenggara,2000258.5,14.508787,1,.69589913,.62522393,.46932819
Indonesia Timur,Maluku & Papua,697560.19,13.455344,.040356472,.21732864,.34525362,.21415092
Indonesia Timur,Maluku & Papua,755829.44,13.535571,0,.21412526,.29989201,.16389196
Indonesia Timur,Maluku & Papua,766812.06,13.549997,.18160015,.33997527,.38565084,.23507376
Indonesia Timur,Maluku & Papua,769305.63,13.553244,.063767612,.22562437,.39285654,.2540994
Indonesia Timur,Maluku & Papua,773302.5,13.558426,.060838301,.20990865,.36144564,.22171186
Indonesia Timur,Maluku & Papua,779360.19,13.566229,.15908158,.15007605,.34001946,.18804114
Indonesia Timur,Maluku & Papua,792568.06,13.583034,.22992276,.3298766,.38929561,.2338533
Indonesia Timur,Maluku & Papua,805262.44,13.598924,.27767834,.2505444,.43934315,.29503471
Indonesia Timur,Maluku & Papua,827226.44,13.625834,.30205211,.32685193,.46516633,.30375841
Indonesia Timur,Maluku & Papua,852007.13,13.65535,.072984248,.28042215,.32541755,.17823797
Indonesia Timur,Maluku & Papua,867555.5,13.673435,.26731971,.32444432,.43141046,.28790519
Indonesia Timur,Maluku & Papua,878210.25,13.685641,.41858134,.31690785,.36082163,.22063111
Indonesia Timur,Maluku & Papua,886564.81,13.695109,.08287438,.27718109,.41837454,.26402059
Indonesia Timur,Maluku & Papua,923882.31,13.73634,.12465706,.3376528,.38522378,.22000581
Indonesia Timur,Maluku & Papua,930215.88,13.743172,.14057919,.36134529,.32895046,.18917426
Indonesia Timur,Maluku & Papua,952749.06,13.767107,.51542318,.45528021,.49097565,.34467411
Indonesia Timur,Maluku & Papua,971611.81,13.786712,.28488922,.36299562,.41125429,.25454882
Indonesia Timur,Maluku & Papua,1042785.7,13.857407,.40203431,.3998743,.46184939,.30418611
Indonesia Timur,Maluku & Papua,1075944.3,13.888709,.061240718,.35619628,.39386344,.25033835
Indonesia Timur,Maluku & Papua,1471388.4,14.201717,.96798128,.57877338,.63763434,.48815063
Indonesia Timur,Maluku & Papua,1697246.9,14.344518,.88222045,.56772196,.60319215,.46539259
Indonesia Timur,Sulawesi,615286.38,13.329844,0,.29987058,.29563573,.16693667
Indonesia Timur,Sulawesi,617061.25,13.332724,.18310422,.31798962,.34517938,.2164074
Indonesia Timur,Sulawesi,621686.5,13.340191,0,.25313807,.34029242,.20787074
Indonesia Timur,Sulawesi,632399.81,13.357277,.82210261,.4401511,.30928135,.1647111
Indonesia Timur,Sulawesi,661193.56,13.401802,.0578949,.23583105,.37407047,.23921379
Indonesia Timur,Sulawesi,698593.69,13.456824,.19394539,.25981057,.36068127,.21217467
Indonesia Timur,Sulawesi,724087.81,13.492668,.18313713,.31058475,.27951047,.16736177
Indonesia Timur,Sulawesi,724409.69,13.493113,.23044024,.23093517,.42427254,.27007586
Indonesia Timur,Sulawesi,742906.69,13.518326,.24881907,.32828557,.31766617,.18882401
Indonesia Timur,Sulawesi,747308.69,13.524234,.13902752,.31480908,.28287438,.16530162
Indonesia Timur,Sulawesi,757859.94,13.538254,.20426199,.34406888,.37855968,.26153246
Indonesia Timur,Sulawesi,757982.63,13.538416,.12534483,.31568086,.36545774,.22016314
Indonesia Timur,Sulawesi,764686.5,13.547221,.14552902,.36890948,.35055625,.19729029
Indonesia Timur,Sulawesi,764702.25,13.547242,.14733653,.28791088,.32605886,.17589787
Indonesia Timur,Sulawesi,767781.5,13.55126,.12530349,.25893027,.36499655,.22411472
Indonesia Timur,Sulawesi,776510.75,13.562566,.10716204,.35456276,.36511227,.2233327
Indonesia Timur,Sulawesi,777442.19,13.563765,.23141961,.35337257,.38021603,.21570414
Indonesia Timur,Sulawesi,779016.63,13.565787,.34210372,.39661929,.35471955,.22720674
Indonesia Timur,Sulawesi,782714.69,13.570523,.21248983,.32995203,.3640421,.22517172
Indonesia Timur,Sulawesi,808102.19,13.602444,.27163914,.30137813,.34477082,.20442443
Indonesia Timur,Sulawesi,812510.75,13.607884,.46064723,.41225576,.39048108,.25413981
Indonesia Timur,Sulawesi,818600.69,13.615352,.10104201,.42516083,.32313997,.17926319
Indonesia Timur,Sulawesi,819428.19,13.616362,.19139129,.33892652,.35398453,.20440713
Indonesia Timur,Sulawesi,825523.5,13.623773,.28472668,.24003972,.39968494,.250128
Indonesia Timur,Sulawesi,835097.75,13.635304,.28623331,.33306232,.38185817,.22099802
Indonesia Timur,Sulawesi,835166.56,13.635386,.27971956,.26276323,.35644269,.22066009
Indonesia Timur,Sulawesi,843583.75,13.645414,.30006567,.36372092,.38571218,.25301069
Indonesia Timur,Sulawesi,845882.5,13.648136,.35321477,.46776924,.38003406,.23872818
Indonesia Timur,Sulawesi,850087.31,13.653094,.31128937,.32460308,.3517698,.19589265
Indonesia Timur,Sulawesi,851383.69,13.654618,.30181739,.28339362,.48589164,.29701951
Indonesia Timur,Sulawesi,852041.13,13.65539,.18196788,.34048724,.4244442,.26490912
Indonesia Timur,Sulawesi,862472.25,13.667559,.21326758,.26833791,.48351401,.30907258
Indonesia Timur,Sulawesi,867206.06,13.673032,.18051897,.31444246,.4078674,.24239311
Indonesia Timur,Sulawesi,875140.19,13.682139,.36278334,.36015323,.43794706,.26721814
Indonesia Timur,Sulawesi,876842.69,13.684083,.31994808,.28522655,.40005782,.24588473
Indonesia Timur,Sulawesi,889374,13.698273,.3024902,.36617103,.38062745,.23324977
Indonesia Timur,Sulawesi,897826.81,13.707732,.38048083,.4224017,.33792019,.19902532
Indonesia Timur,Sulawesi,902607.94,13.713043,.16062871,.29811531,.34617606,.20705138
Indonesia Timur,Sulawesi,903867.31,13.714437,.31551591,.37120643,.36696801,.22692278
Indonesia Timur,Sulawesi,906912.88,13.717802,.24158673,.28393194,.41445145,.25607264
Indonesia Timur,Sulawesi,907187.88,13.718105,.20917217,.24746883,.40731978,.2612437
Indonesia Timur,Sulawesi,908518.88,13.719571,.16046229,.27566329,.36986256,.22129221
Indonesia Timur,Sulawesi,908573.88,13.719631,.35116589,.29317075,.29275841,.17069888
Indonesia Timur,Sulawesi,908896.88,13.719987,0,.34333643,.33553833,.17558223
Indonesia Timur,Sulawesi,927618.63,13.740376,.27789477,.49321166,.35951501,.23831412
Indonesia Timur,Sulawesi,928441.44,13.741262,.24245371,.35205296,.32455912,.20034997
Indonesia Timur,Sulawesi,935435.19,13.748767,.42791659,.47065362,.42357934,.25893179
Indonesia Timur,Sulawesi,942535.63,13.756329,.092466585,.3468166,.42089364,.26225054
Indonesia Timur,Sulawesi,985487.38,13.800892,.13587008,.44070685,.4280962,.27774873
Indonesia Timur,Sulawesi,986593.56,13.802013,.17270762,.4695887,.33654097,.17621528
Indonesia Timur,Sulawesi,988459.63,13.803903,.2082954,.36255345,.33866709,.22420092
Indonesia Timur,Sulawesi,1001622.7,13.817132,.19328511,.27520069,.39551461,.25683883
Indonesia Timur,Sulawesi,1003364.8,13.81887,.24916473,.44916794,.36932424,.25916734
Indonesia Timur,Sulawesi,1009324.8,13.824792,.35154584,.41206238,.39227054,.23390113
Indonesia Timur,Sulawesi,1016827.9,13.832198,.10994551,.43881989,.35947824,.21476324
Indonesia Timur,Sulawesi,1018857.4,13.834192,.11694977,.32087108,.35823667,.19128622
Indonesia Timur,Sulawesi,1036305.7,13.851172,.28161576,.33034864,.38756913,.22149725
Indonesia Timur,Sulawesi,1039526.2,13.854276,.2564913,.41212901,.45273894,.2829392
Indonesia Timur,Sulawesi,1074893.4,13.887732,.29642698,.35485163,.30111417,.16075625
Indonesia Timur,Sulawesi,1082242.8,13.894547,.36982653,.46138367,.39674801,.27127066
Indonesia Timur,Sulawesi,1089215,13.900968,.26406804,.31572899,.47239324,.28220746
Indonesia Timur,Sulawesi,1102522,13.913111,.39052045,.50517726,.38569894,.25598782
Indonesia Timur,Sulawesi,1105871.6,13.916144,.25517642,.44214422,.44739944,.28217748
Indonesia Timur,Sulawesi,1106930.3,13.917101,.28496113,.46955627,.37697875,.23339799
Indonesia Timur,Sulawesi,1119194,13.92812,.33359516,.42731059,.41119573,.27141821
Indonesia Timur,Sulawesi,1124183,13.932567,.56773216,.46075109,.51837379,.36030179
Indonesia Timur,Sulawesi,1136151.6,13.943157,.12893566,.48219213,.43207139,.28524709
Indonesia Timur,Sulawesi,1155629.5,13.960155,.91243547,.64217472,.53601992,.3707498
Indonesia Timur,Sulawesi,1157034.5,13.96137,.84644043,.5510028,.53255653,.41264883
Indonesia Timur,Sulawesi,1186848.5,13.986812,.97469568,.61472291,.54578573,.37988752
Indonesia Timur,Sulawesi,1188644.6,13.988324,.85874319,.6591962,.55612057,.41226345
Indonesia Timur,Sulawesi,1195871.8,13.994386,.26583165,.41825044,.414496,.26699802
Indonesia Timur,Sulawesi,1261213.4,14.047585,.53959477,.58765477,.54493666,.39046806
Indonesia Timur,Sulawesi,1314085.3,14.088652,.13589478,.39951953,.41741163,.26325658
Indonesia Timur,Sulawesi,1371513.1,14.131425,.75568593,.58343631,.60114694,.4467783
Indonesia Timur,Sulawesi,1412277.1,14.160714,.73298025,.55851781,.5295769,.34634486
Indonesia Timur,Sulawesi,1505286.4,14.224494,.97803777,.65641195,.63110816,.48474213
Indonesia Timur,Sulawesi,1513094.4,14.229668,.99275964,.70888853,.57490236,.42026097
Indonesia Timur,Sulawesi,1527300.6,14.239013,.99432927,.6141029,.51907116,.39388484
Indonesia Timur,Sulawesi,1592592,14.280873,.97615272,.66462183,.61034024,.44677669
Indonesia Timur,Sulawesi,1644433.3,14.312906,.9695344,.69229656,.61182332,.46813813
